1,Sully,MacGuffie,smacguffie0@people.com.cn,1
2,Issi,Vain,ivain1@surveymonkey.com,5
3,Lorin,Wolfers,lwolfers2@flavors.me,1
4,Ahmed,Crossingham,acrossingham3@marriott.com,5
5,Lesli,Swinnard,lswinnard4@ucsd.edu,4
6,Audie,Corser,acorser5@t.co,4
7,Kim,Casol,kcasol6@livejournal.com,1
8,Adriana,Cristofolo,acristofolo7@forbes.com,4
9,Robby,Gerbl,rgerbl8@ihg.com,4
10,Gaspard,Sliney,gsliney9@ca.gov,3
11,Catherine,Colhoun,ccolhouna@google.com.au,5
12,Zedekiah,Craghead,zcragheadb@topsy.com,3
13,Minette,Payze,mpayzec@multiply.com,5
14,Kristoffer,Wicher,kwicherd@i2i.jp,5
15,Ive,Gepp,igeppe@seesaa.net,2
16,Mahala,Bodesson,mbodessonf@people.com.cn,4
17,Amberly,Hodcroft,ahodcroftg@wp.com,1
18,Tabbie,O'Keaveny,tokeavenyh@kickstarter.com,1
19,Angie,Orringe,aorringei@cbsnews.com,5
20,Jorrie,Harkins,jharkinsj@ocn.ne.jp,1