1,Tammy,Havik,thavik0@blogs.com,4
2,Luisa,Daffey,ldaffey1@lulu.com,4
3,Marietta,Bande,mbande2@hostgator.com,2
4,Sonnnie,Cokely,scokely3@eepurl.com,4
5,Fonsie,Arghent,farghent4@domainmarket.com,1
6,Kinnie,Benoiton,kbenoiton5@epa.gov,2
7,Velvet,Murrum,vmurrum6@mayoclinic.com,3
8,Selinda,Gorrissen,sgorrissen7@studiopress.com,5
9,Estel,Wortman,ewortman8@oracle.com,5
10,Dicky,Semmence,dsemmence9@independent.co.uk,1
11,Caralie,Gulliman,cgullimana@omniture.com,2
12,Westbrook,Thickpenny,wthickpennyb@google.com.au,5
13,Debor,Ellingworth,dellingworthc@yale.edu,5
14,Reynold,Steggles,rstegglesd@slideshare.net,4
15,Lazaro,Cleyne,lcleynee@nbcnews.com,4
16,Julieta,Peller,jpellerf@xing.com,5
17,Gill,Staner,gstanerg@pinterest.com,1
18,Teodoro,Deeley,tdeeleyh@jugem.jp,4
19,Kate,Stollen,kstolleni@answers.com,5
20,Gene,Fullstone,gfullstonej@cpanel.net,4
21,Dalt,Kenwood,dkenwoodk@harvard.edu,5
22,Cozmo,Bruyns,cbruynsl@nationalgeographic.com,3
23,Margarete,Pownall,mpownallm@twitpic.com,4
24,Lorinda,Savins,lsavinsn@symantec.com,1
25,Nye,Elington,nelingtono@163.com,4
26,Cayla,Dellenty,cdellentyp@tamu.edu,5
27,Bobbette,Horder,bhorderq@mapquest.com,4
28,Dacia,Esome,desomer@goodreads.com,2
29,Ettie,Starkie,estarkies@mtv.com,4
30,Tomi,Zoanetti,tzoanettit@wp.com,5
31,Artemis,McKennan,amckennanu@xrea.com,5
32,Dasha,Betton,dbettonv@dot.gov,3
33,Rufe,Etchell,retchellw@reddit.com,3
34,Cesya,Stearne,cstearnex@nih.gov,3
35,Anneliese,Bails,abailsy@nih.gov,3
36,Annadiane,Espina,aespinaz@google.ca,1
37,Garwood,Sheran,gsheran10@cnn.com,1
38,Dwain,Poulden,dpoulden11@amazonaws.com,2
39,Jodee,McParland,jmcparland12@webmd.com,4
40,Talyah,Cordsen,tcordsen13@bbb.org,4
41,Sergei,Langthorne,slangthorne14@discovery.com,1
42,Tadeo,Simcox,tsimcox15@joomla.org,2
43,Timmie,Mcall,tmcall16@1und1.de,4
44,Krystalle,Orrocks,korrocks17@noaa.gov,5
45,Laure,Farbrother,lfarbrother18@prlog.org,1
46,Gabbi,Capelin,gcapelin19@dyndns.org,3
47,Mordecai,Diggins,mdiggins1a@pinterest.com,3
48,Florentia,Been,fbeen1b@nyu.edu,4
49,Nat,Poulton,npoulton1c@intel.com,5
50,Klara,Feckey,kfeckey1d@eepurl.com,2
51,Etheline,Conti,econti1e@pagesperso-orange.fr,3
52,Alanna,Blease,ablease1f@bbb.org,1
53,Em,Greeson,egreeson1g@wisc.edu,5
54,Olive,Paramor,oparamor1h@latimes.com,3
55,Stevena,Kemmish,skemmish1i@icq.com,3
56,Vania,Thursfield,vthursfield1j@time.com,1
57,Garv,Ritchings,gritchings1k@facebook.com,3
58,Iorgo,Iwanowski,iiwanowski1l@omniture.com,1
59,Dario,Garbett,dgarbett1m@marriott.com,4
60,Wainwright,Vaney,wvaney1n@ed.gov,2
61,Sindee,Riddoch,sriddoch1o@youtube.com,4
62,Agnella,Pesik,apesik1p@harvard.edu,5
63,Catherina,Yeulet,cyeulet1q@jugem.jp,2
64,Alasdair,McClements,amcclements1r@slate.com,4
65,Kimberli,Karslake,kkarslake1s@wikia.com,3
66,Lanie,Ertel,lertel1t@people.com.cn,1
67,Lilyan,Albiston,lalbiston1u@salon.com,2
68,Gare,Sharply,gsharply1v@bluehost.com,5
69,Timi,Hurne,thurne1w@unicef.org,2
70,Alejandro,O'Luby,aoluby1x@printfriendly.com,4
71,Brooke,Chaperlin,bchaperlin1y@jugem.jp,4
72,Dennis,McBrearty,dmcbrearty1z@parallels.com,1
73,Danya,Marriage,dmarriage20@nhs.uk,2
74,Rock,Moneti,rmoneti21@arizona.edu,4
75,Yorgo,Bordis,ybordis22@hao123.com,1
76,Joscelin,Schaumann,jschaumann23@wiley.com,2
77,Standford,Volonte,svolonte24@gmpg.org,3
78,Esme,Frankum,efrankum25@acquirethisname.com,2
79,Free,Rodgier,frodgier26@arizona.edu,3
80,Vivienne,Vernau,vvernau27@cornell.edu,2
81,Neile,Menci,nmenci28@myspace.com,5
82,Marketa,Middler,mmiddler29@buzzfeed.com,1
83,Rudie,Livoir,rlivoir2a@apache.org,5
84,Jocko,Dougan,jdougan2b@google.com,5
85,Larine,Hauger,lhauger2c@artisteer.com,2
86,Tammy,Yare,tyare2d@admin.ch,4
87,Verne,Abrahmer,vabrahmer2e@ihg.com,4
88,Vita,Wapple,vwapple2f@businessinsider.com,5
89,Penni,Ruddom,pruddom2g@boston.com,3
90,Konstantin,Tabbitt,ktabbitt2h@nytimes.com,2
91,Marty,MacCartney,mmaccartney2i@wikipedia.org,4
92,Jilli,Rosenthaler,jrosenthaler2j@histats.com,3
93,Todd,Oneal,toneal2k@cbc.ca,5
94,Broderic,Tesimon,btesimon2l@gizmodo.com,5
95,Amata,Langstone,alangstone2m@seesaa.net,4
96,Colman,Beaudry,cbeaudry2n@ustream.tv,3
97,Dov,Cotilard,dcotilard2o@hatena.ne.jp,2
98,Raff,Plowman,rplowman2p@biblegateway.com,1
99,Dal,Thornhill,dthornhill2q@nsw.gov.au,1
100,Frazier,Desvignes,fdesvignes2r@apple.com,1